Filepath,Is unsed,Directives defined,Directives used in,Unused directives
app/directives/app-level-loading-icon/loading.html,false,"","",""
app/directives/app-level-loading-icon/loading.js,false,"loading-icon","app/cdap/components/AbstractWidget/GetSchemaWidget/index.tsx
app/cdap/components/Replicator/Detail/TopPanel/ActionButtons/ActionButton/index.tsx
app/cdap/components/shared/Tags/index.js
app/directives/app-level-loading-icon/loading.html
app/hydrator/main.js
app/tracker/tracker.html",""
app/directives/app-level-loading-icon/loading.less,false,"","",""
app/directives/cask-angular-confirmable/confirm-modal.html,true,"","",""
app/directives/cask-angular-confirmable/confirmable.js,true,"cask-confirmable","","cask-confirmable"
app/directives/cask-angular-dropdown-text-combo/dropdown-text-combo.html,true,"","",""
app/directives/cask-angular-dropdown-text-combo/dropdown-text-combo.js,true,"cask-dropdown-text-combo","","cask-dropdown-text-combo"
app/directives/cask-angular-dropdown-text-combo/dropdown-text-combo.less,true,"","",""
app/directives/cask-angular-focus/focus-service.js,false,"","",""
app/directives/cask-angular-focus/focus.js,false,"cask-focus","app/directives/cask-angular-focus/focus-service.js
app/directives/cask-angular-password/password.js
app/directives/cask-angular-promptable/prompt.js
app/tracker/controllers/main-ctrl.js
app/tracker/controllers/metadata-ctrl.js
app/directives/cask-angular-password/click2show.html
app/directives/cask-angular-promptable/prompt-modal.html
app/tracker/templates/main.html
app/tracker/templates/metadata.html",""
app/directives/cask-angular-json-edit/jsonedit.js,false,"cask-json-edit","app/directives/widget-container/widget-schema-editor/widget-schema-editor.html",""
app/directives/cask-angular-json-edit/jsonedit.less,false,"","",""
app/directives/cask-angular-password/click2show.html,true,"","",""
app/directives/cask-angular-password/password.js,true,"cask-password","","cask-password"
app/directives/cask-angular-progress/bar.html,true,"","",""
app/directives/cask-angular-progress/progress.js,true,"cask-progress","","cask-progress"
app/directives/cask-angular-promptable/prompt-modal.html,true,"","",""
app/directives/cask-angular-promptable/prompt.js,true,"cask-promptable","","cask-promptable"
app/directives/cask-angular-sortable/sortable.js,true,"cask-sortable","","cask-sortable"
app/directives/cask-angular-sortable/sortable.less,true,"","",""
app/directives/complex-schema/array-schema/array-schema.html,false,"","",""
app/directives/complex-schema/array-schema/array-schema.js,false,"my-array-schema-wrapper
my-array-schema","app/directives/complex-schema/embedded-schema-selector/embedded-schema-selector.html",""
app/directives/complex-schema/complex-schema-helpers.js,false,"","",""
app/directives/complex-schema/complex-schema.html,false,"","",""
app/directives/complex-schema/complex-schema.js,false,"my-record-schema
my-complex-schema","app/directives/complex-schema/complex-schema.html
app/directives/complex-schema/embedded-schema-selector/embedded-schema-selector.html
app/directives/widget-container/widget-complex-schema-editor/widget-complex-schema-editor.js
app/directives/plugin-functions/functions/get-schema/get-schema-modal.html
app/directives/plugin-functions/functions/output-schema/output-schema-modal.html
app/directives/widget-container/widget-complex-schema-editor/widget-complex-schema-editor.html
app/directives/widget-container/widget-input-schema/widget-input-schema.html
app/directives/widget-container/widget-output-schema/widget-output-schema.html
app/tracker/templates/metadata.html",""
app/directives/complex-schema/complex-schema.less,false,"","",""
app/directives/complex-schema/embedded-schema-selector/embedded-schema-selector.html,false,"","",""
app/directives/complex-schema/embedded-schema-selector/embedded-schema-selector.js,false,"my-embedded-schema-selector","app/directives/complex-schema/array-schema/array-schema.html
app/directives/complex-schema/complex-schema.html
app/directives/complex-schema/map-schema/map-schema.html
app/directives/complex-schema/union-schema/union-schema.html",""
app/directives/complex-schema/enum-schema/enum-schema.html,false,"","",""
app/directives/complex-schema/enum-schema/enum-schema.js,false,"my-enum-schema-wrapper
my-enum-schema","app/directives/complex-schema/embedded-schema-selector/embedded-schema-selector.html",""
app/directives/complex-schema/map-schema/map-schema.html,false,"","",""
app/directives/complex-schema/map-schema/map-schema.js,false,"my-map-schema-wrapper
my-map-schema","app/directives/complex-schema/embedded-schema-selector/embedded-schema-selector.html",""
app/directives/complex-schema/union-schema/union-schema.html,false,"","",""
app/directives/complex-schema/union-schema/union-schema.js,false,"my-union-schema-wrapper
my-union-schema","app/directives/complex-schema/embedded-schema-selector/embedded-schema-selector.html",""
app/directives/cron-schedule-view/cron-schedule-ctrl.js,true,"","",""
app/directives/cron-schedule-view/cron-schedule-view.html,true,"","",""
app/directives/cron-schedule-view/cron-schedule-view.js,true,"my-cron-schedule-view","","my-cron-schedule-view"
app/directives/dag-minimap/dag-minimap-ctrl.js,false,"","",""
app/directives/dag-minimap/dag-minimap-utilities.js,false,"","",""
app/directives/dag-minimap/dag-minimap.html,false,"","",""
app/directives/dag-minimap/dag-minimap.js,false,"dag-minimap","app/directives/dag-minimap/dag-minimap.html
app/directives/dag-plus/my-dag.html",""
app/directives/dag-minimap/dag-minimap.less,false,"","",""
app/directives/dag-plus/color-constants.less,false,"","",""
app/directives/dag-plus/my-dag-ctrl.js,false,"","",""
app/directives/dag-plus/my-dag-factory.js,false,"","",""
app/directives/dag-plus/my-dag.html,false,"","",""
app/directives/dag-plus/my-dag.js,false,"my-dag-plus","app/hydrator/templates/create/canvas.html
app/hydrator/templates/detail/canvas.html",""
app/directives/dag-plus/my-dag.less,false,"","",""
app/directives/dag-plus/services/actions/nodes-actions.js,false,"","",""
app/directives/dag-plus/services/dispatchers/nodes-dispatcher.js,false,"","",""
app/directives/dag-plus/services/stores/nodes-store.js,false,"","",""
app/directives/datetime-picker/datetime.html,false,"","",""
app/directives/datetime-picker/datetime.js,false,"my-datetime-picker","app/directives/datetime-range/datetime-range.html",""
app/directives/datetime-picker/datetime.less,false,"","",""
app/directives/datetime-range/datetime-range.html,false,"","",""
app/directives/datetime-range/datetime-range.js,false,"my-datetime-range","app/tracker/templates/lineage.html",""
app/directives/datetime-range/datetime-range.less,false,"","",""
app/directives/escape-close/escape-close.js,false,"my-escape-close","app/tracker/templates/metadata.html",""
app/directives/fileselect/fileselect.html,false,"","",""
app/directives/fileselect/fileselect.js,false,"my-file-select","app/hydrator/templates/create/toppanel.html
app/hydrator/templates/partial/node-config-modal/node-config/plugin-edit-output-schema.html",""
app/directives/fileselect/fileselect.less,false,"","",""
app/directives/focus-watch/focus-watch.js,false,"my-focus-watch","app/directives/widget-container/widget-ds-multiplevalues/widget-ds-multiplevalues.html
app/directives/widget-container/widget-dsv/widget-dsv.html
app/directives/widget-container/widget-keyvalue/widget-keyvalue.html
app/directives/widget-container/widget-keyvalue-encoded/widget-keyvalue-encoded.html
app/directives/widget-container/widget-schema-editor/widget-schema-editor.html",""
app/directives/group-side-panel/group-side-panel-ctrl.js,false,"","",""
app/directives/group-side-panel/group-side-panel.html,false,"","",""
app/directives/group-side-panel/group-side-panel.js,false,"my-side-panel","app/cdap/components/hydrator/components/LeftPanel/LeftPanel.tsx
app/hydrator/templates/create/leftpanel.html",""
app/directives/group-side-panel/group-side-panel.less,false,"","",""
app/directives/infinite-scroll/infinite-scroll.js,false,"infinite-scroll","app/directives/widget-container/widget-schema-editor/widget-schema-editor.html
app/hydrator/main.js
app/tracker/main.js",""
app/directives/macro-widget-toggle/macro-widget-toggle.html,false,"","",""
app/directives/macro-widget-toggle/macro-widget-toggle.js,false,"macro-widget-toggle","app/directives/macro-widget-toggle/macro-widget-toggle.html",""
app/directives/macro-widget-toggle/macro-widget-toggle.less,false,"","",""
app/directives/modified-tooltip/popover.html,false,"","",""
app/directives/modified-tooltip/tooltip.html,false,"","",""
app/directives/modified-tooltip/tooltip.js,false,"","",""
app/directives/my-global-navbar/my-global-navbar.html,false,"","",""
app/directives/my-global-navbar/my-global-navbar.js,false,"my-global-navbar","app/hydrator/main.js
app/tracker/tracker.html",""
app/directives/my-link-button/my-link-button.html,false,"","",""
app/directives/my-link-button/my-link-button.js,false,"my-link-button","app/directives/my-link-button/my-link-button.html
app/hydrator/templates/partial/node-config-modal/popover.html",""
app/directives/my-link-button/my-link-button.less,false,"","",""
app/directives/my-pipeline-configurations/my-batch-pipeline-config/my-batch-pipeline-config-ctrl.js,false,"","",""
app/directives/my-pipeline-configurations/my-batch-pipeline-config/my-batch-pipeline-config.html,false,"","",""
app/directives/my-pipeline-configurations/my-batch-pipeline-config/my-batch-pipeline-config.js,false,"my-batch-pipeline-config","app/directives/my-pipeline-configurations/my-pipeline-configurations-factory.js",""
app/directives/my-pipeline-configurations/my-pipeline-configurations-factory.js,false,"","",""
app/directives/my-pipeline-configurations/my-pipeline-configurations.js,false,"my-pipeline-config","app/directives/my-pipeline-configurations/my-batch-pipeline-config/my-batch-pipeline-config.js
app/directives/my-pipeline-configurations/my-realtime-pipeline-config/my-realtime-pipeline-config.js
app/directives/my-pipeline-configurations/my-sql-pipeline-config/my-sql-pipeline-config.js
app/hydrator/templates/create/toppanel.html",""
app/directives/my-pipeline-configurations/my-pipeline-configurations.less,false,"","",""
app/directives/my-pipeline-configurations/my-realtime-pipeline-config/my-realtime-pipeline-config-ctrl.js,false,"","",""
app/directives/my-pipeline-configurations/my-realtime-pipeline-config/my-realtime-pipeline-config.html,false,"","",""
app/directives/my-pipeline-configurations/my-realtime-pipeline-config/my-realtime-pipeline-config.js,false,"my-realtime-pipeline-config","app/directives/my-pipeline-configurations/my-pipeline-configurations-factory.js",""
app/directives/my-pipeline-configurations/my-sql-pipeline-config/my-sql-pipeline-config-ctrl.js,false,"","",""
app/directives/my-pipeline-configurations/my-sql-pipeline-config/my-sql-pipeline-config.html,false,"","",""
app/directives/my-pipeline-configurations/my-sql-pipeline-config/my-sql-pipeline-config.js,false,"my-sql-pipeline-config","app/directives/my-pipeline-configurations/my-pipeline-configurations-factory.js",""
app/directives/my-pipeline-resource/my-pipeline-client-resource-ctrl.js,false,"","",""
app/directives/my-pipeline-resource/my-pipeline-driver-resource-ctrl.js,false,"","",""
app/directives/my-pipeline-resource/my-pipeline-executor-resource-ctrl.js,false,"","",""
app/directives/my-pipeline-resource/my-pipeline-resource-factory.js,false,"","",""
app/directives/my-pipeline-resource/my-pipeline-resource.html,false,"","",""
app/directives/my-pipeline-resource/my-pipeline-resource.js,false,"my-pipeline-client-resource
my-pipeline-executor-resource
my-pipeline-driver-resource
my-pipeline-resource-factory","app/directives/my-pipeline-resource/my-pipeline-resource-factory.js
app/directives/my-pipeline-configurations/my-batch-pipeline-config/my-batch-pipeline-config.html
app/directives/my-pipeline-configurations/my-realtime-pipeline-config/my-realtime-pipeline-config.html
app/directives/my-pipeline-configurations/my-sql-pipeline-config/my-sql-pipeline-config.html",""
app/directives/my-pipeline-runtime-args/my-pipeline-runtime-args.html,false,"","",""
app/directives/my-pipeline-runtime-args/my-pipeline-runtime-args.js,false,"my-pipeline-runtime-args","app/directives/my-pipeline-configurations/my-batch-pipeline-config/my-batch-pipeline-config.html
app/directives/my-pipeline-configurations/my-realtime-pipeline-config/my-realtime-pipeline-config.html
app/directives/my-pipeline-configurations/my-sql-pipeline-config/my-sql-pipeline-config.html",""
app/directives/my-pipeline-runtime-args/my-pipeline-runtime-args.less,false,"","",""
app/directives/my-pipeline-scheduler/my-pipeline-scheduler.html,false,"","",""
app/directives/my-pipeline-scheduler/my-pipeline-scheduler.js,false,"my-pipeline-scheduler","app/hydrator/templates/create/toppanel.html",""
app/directives/my-pipeline-summary/my-pipeline-summary-ctrl.js,true,"","",""
app/directives/my-pipeline-summary/my-pipeline-summary.html,true,"","",""
app/directives/my-pipeline-summary/my-pipeline-summary.js,true,"my-pipeline-summary","","my-pipeline-summary"
app/directives/my-pipeline-summary/my-pipeline-summary.less,true,"","",""
app/directives/my-popover/my-popover.js,false,"my-popover","app/directives/group-side-panel/group-side-panel.html
app/directives/my-post-run-action-wizard/wizard-select-action-step/wizard-select-action-step.html",""
app/directives/my-popover/my-popover.less,false,"","",""
app/directives/my-post-run-action-wizard/my-post-run-action-wizard-ctrl.js,false,"","",""
app/directives/my-post-run-action-wizard/my-post-run-action-wizard-modal.html,false,"","",""
app/directives/my-post-run-action-wizard/my-post-run-action-wizard-modal.less,false,"","",""
app/directives/my-post-run-action-wizard/my-post-run-action-wizard.html,false,"","",""
app/directives/my-post-run-action-wizard/my-post-run-action-wizard.js,false,"my-post-run-action-wizard","app/directives/my-post-run-actions/my-post-run-actions.html
app/directives/my-post-run-actions/my-post-run-actions.js
app/directives/my-post-run-action-wizard/my-post-run-action-wizard-modal.html
app/directives/my-post-run-action-wizard/wizard-configure-confirm-step/wizard-configure-confirm-step.js
app/directives/my-post-run-action-wizard/wizard-select-action-step/wizard-select-action-step.js",""
app/directives/my-post-run-action-wizard/my-post-run-action-wizard.less,false,"","",""
app/directives/my-post-run-action-wizard/wizard-configure-confirm-step/wizard-configure-confirm-step-ctrl.js,false,"","",""
app/directives/my-post-run-action-wizard/wizard-configure-confirm-step/wizard-configure-confirm-step.html,false,"","",""
app/directives/my-post-run-action-wizard/wizard-configure-confirm-step/wizard-configure-confirm-step.js,false,"wizard-configure-confirm-step","app/directives/my-post-run-action-wizard/my-post-run-action-wizard.html",""
app/directives/my-post-run-action-wizard/wizard-configure-confirm-step/wizard-configure-confirm-step.less,false,"","",""
app/directives/my-post-run-action-wizard/wizard-select-action-step/wizard-select-action-step-ctrl.js,false,"","",""
app/directives/my-post-run-action-wizard/wizard-select-action-step/wizard-select-action-step.html,false,"","",""
app/directives/my-post-run-action-wizard/wizard-select-action-step/wizard-select-action-step.js,false,"wizard-select-action-step","app/directives/my-post-run-action-wizard/my-post-run-action-wizard.html",""
app/directives/my-post-run-action-wizard/wizard-select-action-step/wizard-select-action-step.less,false,"","",""
app/directives/my-post-run-actions/my-post-run-actions.html,false,"","",""
app/directives/my-post-run-actions/my-post-run-actions.js,false,"my-post-run-actions","app/directives/my-pipeline-configurations/my-batch-pipeline-config/my-batch-pipeline-config.html",""
app/directives/my-post-run-actions/my-post-run-actions.less,false,"","",""
app/directives/node-metrics/node-metrics.html,false,"","",""
app/directives/node-metrics/node-metrics.js,false,"my-node-metrics","app/directives/dag-plus/my-dag.html
app/directives/splitter-popover/splitter-popover.html",""
app/directives/node-metrics/node-metrics.less,false,"","",""
app/directives/plugin-functions/functions/get-property-value/get-property-value-modal.html,false,"","",""
app/directives/plugin-functions/functions/get-property-value/get-property-value.html,false,"","",""
app/directives/plugin-functions/functions/get-property-value/get-property-value.js,false,"get-property-value","app/directives/plugin-functions/plugin-functions-factory.js",""
app/directives/plugin-functions/functions/get-property-value/get-property-value.less,false,"","",""
app/directives/plugin-functions/functions/get-schema/get-schema-modal.html,false,"","",""
app/directives/plugin-functions/functions/get-schema/get-schema.html,false,"","",""
app/directives/plugin-functions/functions/get-schema/get-schema.js,false,"get-schema","app/cdap/api/dataprep.js
app/cdap/components/AbstractWidget/SchemaEditor/Context/SchemaManager.ts
app/cdap/components/AbstractWidget/SchemaEditor/Context/__tests__/SchemaManager.tests.ts
app/cdap/components/AbstractWidget/SchemaEditor/index.tsx
app/cdap/components/DataPrep/TopPanel/SchemaModal.js
app/cdap/components/Metadata/ComplexSchema/helper.ts
app/cdap/components/Metadata/ComplexSchema/index.tsx
app/directives/plugin-functions/functions/get-property-value/get-property-value.js
app/directives/plugin-functions/plugin-functions-factory.js
app/directives/widget-container/widget-complex-schema-editor/widget-complex-schema-editor.js
app/hydrator/services/hydrator-node-service.js
app/cdap/components/AbstractWidget/AbstractWidgetFactory.tsx
app/cdap/components/AbstractWidget/GetSchemaWidget/index.tsx
app/cdap/components/AbstractWidget/__mocks__/AbstractWidgetFactory.tsx
app/cdap/components/shared/ConfigurationGroup/utilities/index.ts
app/cdap/services/__tests__/helpers.test.js
app/directives/plugin-functions/functions/output-schema/output-schema-modal.html
app/directives/widget-container/widget-complex-schema-editor/widget-complex-schema-editor.html
app/directives/widget-container/widget-schema-editor/widget-schema-editor.js",""
app/directives/plugin-functions/functions/get-schema/get-schema.less,false,"","",""
app/directives/plugin-functions/functions/output-schema/output-schema-modal.html,false,"","",""
app/directives/plugin-functions/functions/output-schema/output-schema.html,false,"","",""
app/directives/plugin-functions/functions/output-schema/output-schema.js,false,"output-schema","app/cdap/components/PreviewData/utilities.ts
app/cdap/components/shared/ConfigurationGroup/__tests__/configuration-group-utilities.test.ts
app/cdap/components/shared/ConfigurationGroup/utilities/index.ts
app/cdap/services/HydratorPluginConfigFactory.js
app/directives/dag-plus/my-dag-ctrl.js
app/directives/dag-plus/my-dag.html
app/directives/plugin-functions/plugin-functions-factory.js
app/directives/plugin-templates/plugin-templates-ctrl.js
app/directives/plugin-templates/plugin-templates.html
app/directives/validators/validator-ctrl.js
app/directives/validators/validators.js
app/directives/widget-container/widget-complex-schema-editor/widget-complex-schema-editor.js
app/directives/widget-container/widget-output-schema/widget-output-schema-ctrl.js
app/directives/widget-container/widget-output-schema/widget-output-schema.html
app/hydrator/controllers/create/leftpanel-ctrl.js
app/hydrator/controllers/create/partials/nodeconfig-ctrl.js
app/hydrator/services/create/stores/config-store.js
app/hydrator/services/hydrator-node-service.js
app/hydrator/services/hydrator-service.js
app/hydrator/services/plugin-config-factory.js
app/hydrator/templates/partial/node-config-modal/node-config/plugin-edit-config-form.html
app/hydrator/templates/partial/node-config-modal/node-config/plugin-edit-output-schema.html
app/hydrator/templates/partial/node-config-modal/node-config/plugin-edit-validator-transform.html
app/directives/widget-container/widget-output-schema/widget-output-schema.js
app/directives/widget-container/widget-schema-editor/widget-schema-editor.html
app/hydrator/templates/partial/node-config-modal/node-config/plugin-edit-input-schema.html",""
app/directives/plugin-functions/functions/output-schema/output-schema.less,false,"","",""
app/directives/plugin-functions/plugin-functions-factory.js,false,"","",""
app/directives/plugin-functions/plugin-functions.js,false,"plugin-functions","app/directives/plugin-functions/functions/get-property-value/get-property-value.js
app/directives/plugin-functions/functions/get-schema/get-schema.js
app/directives/plugin-functions/functions/output-schema/output-schema.js",""
app/directives/plugin-templates/plugin-templates-ctrl.js,false,"","",""
app/directives/plugin-templates/plugin-templates.html,false,"","",""
app/directives/plugin-templates/plugin-templates.js,false,"plugin-templates","app/directives/plugin-templates/plugin-templates-ctrl.js
app/directives/plugin-templates/services/plugin-templates-action.js
app/hydrator/controllers/create/popovers/plugin-templates-delete-ctrl.js
app/hydrator/services/create/actions/available-plugins-action-creator.js
app/hydrator/services/create/actions/leftpanel-action-creator.js
app/cdap/components/hydrator/reducers/leftPanelStore.ts
app/hydrator/controllers/create/leftpanel-ctrl.js
app/hydrator/services/create/stores/left-panel-store.js
app/hydrator/templates/create/popovers/plugin-templates.html",""
app/directives/plugin-templates/plugin-templates.less,false,"","",""
app/directives/plugin-templates/services/plugin-template-store.js,false,"","",""
app/directives/plugin-templates/services/plugin-templates-action.js,false,"","",""
app/directives/plugin-templates/services/plugin-templates-dispatcher.js,false,"","",""
app/directives/react-components/index.js,false,"pipeline-canvas-action-btns
top-panel-react
left-panel-react
connections-browser
pipeline-comments-action-btn
comment
plugin-schema-editor
schema-editor
preview-logs
preview-data-view
page500
page403
page404
selection-box
plugin-context-menu
pipeline-context-menu
loading-svg
widget-wrapper
configuration-group
key-value-encoded-widget
sql-selector-widget
function-dropdown-alias-widget
sql-conditions-widget
dataset-selector-widget
input-field-dropdown
join-type-widget
multi-select
radio-group-widget
wrangler-editor
toggle-switch-widget
multiple-values-widget
key-value-dropdown-widget
select-dropdown
key-value-widget
csv-widget
number
text-box
json-editor
code-editor
markdown
toggle-switch
api-error-dialog
auth-refresher
icon-svg
global-footer
pipeline-details-run-level-info
pipeline-scheduler
pipeline-details-top-panel
pipeline-triggers-sidebars
loading-indicator
status-alert-message
pipeline-node-metrics-graph
rules-engine-home
pipeline-summary
cask-resource-center-button
dataprep
key-value-pairs-material
key-value-pairs
cask-header","app/directives/dag-plus/my-dag.html
app/hydrator/templates/create/reacttoppanel.html
app/hydrator/templates/create/reactleftpanel.html
app/directives/plugin-functions/plugin-functions-factory.js
app/cdap/components/AbstractWidget/Comment/CommentBox.tsx
app/cdap/components/AbstractWidget/Comment/DynamicAnchoredComment.tsx
app/cdap/components/AbstractWidget/Comment/index.tsx
app/cdap/components/PipelineCanvasActions/ActionButtons/PipelineCanvasActionBtns.tsx
app/cdap/components/PipelineCanvasActions/PipelineComments.tsx
app/cdap/components/PipelineCanvasActions/PipelineCommentsActionBtn.tsx
app/cdap/components/PipelineConfigurations/Store/ActionCreator.js
app/cdap/components/PluginContextMenu/index.tsx
app/cdap/services/datasource/index.ts
app/directives/dag-plus/my-dag-ctrl.js
app/directives/modified-tooltip/tooltip.js
app/hydrator/controllers/create/create-studio-ctrl.js
app/hydrator/controllers/create/partials/nodeconfig-ctrl.js
app/hydrator/controllers/detail/canvas-ctrl.js
app/hydrator/services/create/stores/config-store.js
app/hydrator/services/hydrator-service.js
app/hydrator/templates/partial/node-config-modal/popover.html
app/hydrator/templates/partial/node-config-modal/node-config/plugin-edit-input-schema.html
app/hydrator/templates/partial/node-config-modal/node-config/plugin-edit-output-schema.html
app/cdap/components/AbstractWidget/SchemaEditor/Context/SchemaManager.ts
app/cdap/components/Lab/experiment-list.tsx
app/cdap/components/PluginJSONCreator/constants.tsx
app/cdap/components/PluginSchemaEditor/index.tsx
app/cdap/main.js
app/cdap/services/HydratorPluginConfigFactory.js
app/directives/widget-container/widget-complex-schema-editor/widget-complex-schema-editor.js
app/directives/widget-container/widget-factory.js
app/directives/widget-container/widget-output-schema/widget-output-schema.html
app/directives/widget-container/widget-schema-editor/widget-schema-editor.js
app/hydrator/services/plugin-config-factory.js
app/cdap/components/hydrator/components/TopPanel/ActionButtons/index.tsx
app/hydrator/templates/create/toppanel.html
app/hydrator/templates/partial/node-config-modal/preview-tab.html
app/hydrator/main.js
app/tracker/tracker.html
app/cdap/components/shared/SelectionBox/SelectionBoxWrapper.tsx
app/cdap/components/shared/SelectionBox/index.tsx
app/cdap/components/shared/LoadingSVGCentered/index.js
app/cdap/components/PluginJSONCreator/Create/Content/ConfigurationGroupPage/GroupPanel/WidgetCollection/index.tsx
app/cdap/components/shared/ConfigurationGroup/PropertyRow/index.tsx
app/cdap/components/shared/ConfigurationGroup/WidgetWrapper/index.tsx
app/cdap/components/AbstractWidget/index.tsx
app/directives/plugin-templates/plugin-templates.html
app/hydrator/templates/partial/node-config-modal/node-config/plugin-edit-properties-template.html
app/cdap/components/AbstractWidget/DLPCustomWidget/DLPRow.tsx
app/cdap/components/Cloud/Profiles/CreateView/index.js
app/cdap/components/Ingestion/PluginWidgetRenderer/index.tsx
app/cdap/components/Ingestion/SourceSinkConfigurator/index.tsx
app/cdap/components/PipelineDetails/ProfilesListView/ProfileCustomizePopover/ProfileCustomizeContent/index.js
app/cdap/components/PipelineTriggers/ScheduleRuntimeArgs/Tabs/StagePropertiesTab/StagePropertiesRow.js
app/cdap/components/PluginJSONCreator/Create/Content/ConfigurationGroupPage/GroupPanel/index.tsx
app/cdap/components/PluginJSONCreator/Create/Content/ConfigurationGroupPage/index.tsx
app/cdap/components/PluginJSONCreator/Create/PluginJSONMenu/index.tsx
app/cdap/components/PluginJSONCreator/Create/index.tsx
app/cdap/components/PluginJSONCreator/__tests__/plugin-json-creator-utilities.test.ts
app/cdap/components/PluginJSONCreator/utilities/index.ts
app/cdap/components/Replicator/Create/Content/PluginConfig/index.tsx
app/cdap/components/shared/ConfigurationGroup/__tests__/configuration-group-utilities.test.ts
app/cdap/components/shared/ConfigurationGroup/index.tsx
app/cdap/components/shared/ConfigurationGroup/utilities/DynamicPluginFilters.ts
app/cdap/components/shared/ConfigurationGroup/utilities/__tests__/DynamicPluginFilters.test.ts
app/cdap/components/shared/ConfigurationGroup/utilities/index.ts
app/hydrator/controllers/create/leftpanel-ctrl.js
app/cdap/api/__mocks__/pipeline.js
app/cdap/components/AbstractWidget/DLPCustomWidget/utilities/index.ts
app/cdap/components/Cloud/Profiles/CreateView/CreateProfileActionCreator.js
app/cdap/components/Cloud/Profiles/DetailView/Content/DetailsInfo/index.js
app/cdap/components/Connections/Browser/ParsingConfigModal/store.tsx
app/cdap/components/PluginJSONCreator/Create/Content/ConfigurationGroupPage/GroupPanel/GroupActionButtons/index.tsx
app/cdap/components/PluginJSONCreator/Create/PluginJSONMenu/LiveView/LiveConfigurationGroup/index.tsx
app/cdap/components/Replicator/ConfigDisplay/PluginConfigDisplay/index.tsx
app/cdap/components/shared/ConfigurationGroup/types.ts
app/cdap/services/__tests__/helpers.test.js
app/cdap/services/helpers.js
app/directives/my-post-run-action-wizard/wizard-configure-confirm-step/wizard-configure-confirm-step.html
app/cdap/components/AbstractWidget/HierarchyWidget/HierarchyTreeNode/index.tsx
app/cdap/components/AbstractWidget/InputFieldDropdown/index.tsx
app/cdap/components/AbstractWidget/MultiStageSelector/index.tsx
app/cdap/components/AbstractWidget/Widgets.stories.tsx
app/cdap/components/AbstractWidget/AbstractWidgetFactory.tsx
app/cdap/components/AbstractWidget/__mocks__/AbstractWidgetFactory.tsx
app/cdap/components/PluginJSONCreator/Create/Content/OutputPage/ExplicitSchemaDefiner/index.tsx
app/cdap/components/PipelineTriggers/ScheduleRuntimeArgs/Tabs/RuntimeArgsTab/RuntimeArgRow.js
app/cdap/components/AbstractWidget/AbstractMultiRowWidget/AbstractRow.tsx
app/cdap/components/AbstractWidget/CodeEditorWidget/JsonEditorWidget.tsx
app/cdap/components/AbstractWidget/CodeEditorWidget/index.tsx
app/cdap/components/AbstractWidget/Comment/CommentConstants.ts
app/cdap/components/AbstractWidget/DateRangeWidget/index.tsx
app/cdap/components/AbstractWidget/FormInputs/MultiSelect/index.tsx
app/cdap/components/AbstractWidget/FormInputs/Number/index.tsx
app/cdap/components/AbstractWidget/FormInputs/Select/index.tsx
app/cdap/components/AbstractWidget/FunctionDropdownAliasWidget/FuctionDropdownRow.tsx
app/cdap/components/AbstractWidget/FunctionDropdownArgumentsWidget/FunctionDropdownArgumentsRow.tsx
app/cdap/components/AbstractWidget/HierarchyWidget/HierarchyTree.tsx
app/cdap/components/AbstractWidget/HierarchyWidget/HierarchyTreeNode/HierarchyTreeLeaf.tsx
app/cdap/components/AbstractWidget/HierarchyWidget/dataHandler.ts
app/cdap/components/AbstractWidget/KeyValueDropdownWidget/KeyValueDropdownRow.tsx
app/cdap/components/AbstractWidget/KeyValueDropdownWidget/index.tsx
app/cdap/components/AbstractWidget/MemoryTextbox/index.js
app/cdap/components/AbstractWidget/MultipleValuesWidget/MultipleValuesRow.tsx
app/cdap/components/AbstractWidget/MultipleValuesWidget/index.tsx
app/cdap/components/AbstractWidget/NumberTextbox/index.js
app/cdap/components/AbstractWidget/SchemaEditor/Context/SchemaManagerUtilities.ts
app/cdap/components/AbstractWidget/SchemaEditor/FieldWrapper/SiblingCommunicationContext.tsx
app/cdap/components/AbstractWidget/SchemaEditor/FieldWrapper/index.tsx
app/cdap/components/AbstractWidget/SchemaEditor/FieldsList/index.tsx
app/cdap/components/AbstractWidget/SchemaEditor/RowButtons/FieldAttributes/DecimalAttributes.tsx
app/cdap/components/AbstractWidget/SchemaEditor/SchemaTypes.ts
app/cdap/components/AbstractWidget/SchemaEditor/SchemaValidator/index.tsx
app/cdap/components/AbstractWidget/SchemaEditor/index.tsx
app/cdap/components/AbstractWidget/SqlConditionsWidget/Rule.tsx
app/cdap/components/AbstractWidget/SqlConditionsWidget/index.tsx
app/cdap/components/AbstractWidget/SqlSelectorWidget/SchemaContainer.tsx
app/cdap/components/AbstractWidget/StateWrapper.js
app/cdap/components/AbstractWidget/WranglerEditor/index.tsx
app/cdap/components/AbstractWidget/constants.ts
app/cdap/components/Administration/AdminConfigTabContent/SystemProfilesAccordion/index.js
app/cdap/components/Administration/AdminTabSwitch/index.tsx
app/cdap/components/Administration/TetheringTabContent/NewTetheringRequest/NamespacesTable.tsx
app/cdap/components/Administration/TetheringTabContent/NewTetheringRequest/index.tsx
app/cdap/components/Administration/TetheringTabContent/TetheringTable/index.tsx
app/cdap/components/Administration/TetheringTabContent/types.ts
app/cdap/components/CaskWizards/AddNamespace/ResourcesStep/index.tsx
app/cdap/components/CaskWizards/Informational/ShowInfo/index.js
app/cdap/components/CaskWizards/MicroserviceUpload/ConfigureStep/index.js
app/cdap/components/CaskWizards/MicroserviceUpload/GeneralInfoStep/index.js
app/cdap/components/CaskWizards/MicroserviceUpload/InboundQueueStep/index.js
app/cdap/components/CaskWizards/MicroserviceUpload/MicroserviceQueue.js
app/cdap/components/Cloud/Profiles/DetailView/Content/BasicInfo/index.js
app/cdap/components/Cloud/Profiles/Store/ActionCreator.js
app/cdap/components/Connections/Create/index.tsx
app/cdap/components/DAG/DAGRenderer.tsx
app/cdap/components/DSVEditor/DSVRow.js
app/cdap/components/DataPrep/ColumnActionsDropdown/index.js
app/cdap/components/DataPrep/DataPrepBrowser/GCSBrowser/BrowserData/TableContents.tsx
app/cdap/components/DataPrep/DataPrepBrowser/S3Browser/BucketData/TableContents.tsx
app/cdap/components/DataPrep/DataPrepSidePanel/ColumnsTab/ColumnsTabRow.js
app/cdap/components/DataPrep/DataPrepSidePanel/DirectivesTab/DirectivesTabRow.js
app/cdap/components/DataPrep/Directives/Calculate/index.js
app/cdap/components/DataPrep/Directives/ChangeDataType/DecimalOptions.tsx
app/cdap/components/DataPrep/Directives/ChangeDataType/__test__/DecimalOptions.test.tsx
app/cdap/components/DataPrep/Directives/ExtractFields/UsingPatternsModal/index.js
app/cdap/components/DataPrep/Directives/MaskData/MaskSelection/index.js
app/cdap/components/DataPrep/Directives/MaskData/index.js
app/cdap/components/DataPrep/Directives/Parse/Modals/ExcelModal.js
app/cdap/components/DataPrep/Directives/SetCounter/index.js
app/cdap/components/DataPrep/helper.js
app/cdap/components/DataPrep/store/index.ts
app/cdap/components/DataPrepConnections/KafkaConnection/HostPortEditor/HostPortRow.js
app/cdap/components/EntityListView/EntityListInfo/index.js
app/cdap/components/EntityListView/ErrorMessage/PageErrorMessage.js
app/cdap/components/EntityListView/ErrorMessage/index.js
app/cdap/components/EntityListView/JustAddedSection/index.js
app/cdap/components/EntityListView/ListView/index.js
app/cdap/components/EntityListView/index.js
app/cdap/components/FastAction/LogAction/index.js
app/cdap/components/FieldLevelLineage/LineageSummary/SummaryRow.js
app/cdap/components/FieldLevelLineage/OperationsModal/ModalContent.js
app/cdap/components/FieldLevelLineage/OperationsModal/Navigation.js
app/cdap/components/FieldLevelLineage/TimePicker/index.js
app/cdap/components/FieldLevelLineage/v2/Context/FllContext.tsx
app/cdap/components/FieldLevelLineage/v2/Context/FllContextHelper.ts
app/cdap/components/FieldLevelLineage/v2/Context/sample_response.ts
app/cdap/components/FieldLevelLineage/v2/FllHeader/index.tsx
app/cdap/components/FieldLevelLineage/v2/FllTable/FllTableHeader.tsx
app/cdap/components/FileDataUpload/index.js
app/cdap/components/GroupedBarChart/index.js
app/cdap/components/Home/Welcome/index.tsx
app/cdap/components/HttpExecutor/RequestHistoryTab/index.tsx
app/cdap/components/HttpExecutor/RequestMetadata/index.js
app/cdap/components/HttpExecutor/StatusCode/index.js
app/cdap/components/HttpExecutor/store/HttpExecutorStore.js
app/cdap/components/InputWithValidations/index.js
app/cdap/components/LogViewer/DataFetcher/PreviewDataFetcher.ts
app/cdap/components/LogViewer/DataFetcher/ProgramDataFetcher.ts
app/cdap/components/LogViewer/LogViewerPage.tsx
app/cdap/components/LogViewer/types.ts
app/cdap/components/MarketActionsContainer/index.js
app/cdap/components/MarketEntityModal/index.js
app/cdap/components/MarketPlaceEntity/index.js
app/cdap/components/MarketPlaceUsecaseEntity/index.js
app/cdap/components/Metadata/Lineage/index.tsx
app/cdap/components/Metadata/SearchResults/Filters/index.tsx
app/cdap/components/Metadata/SearchResults/ResultList/index.tsx
app/cdap/components/Metadata/SearchResults/helper.ts
app/cdap/components/Metadata/SearchSummary/EntityTopBar/index.tsx
app/cdap/components/Metadata/SearchSummary/helper.ts
app/cdap/components/NamespaceAdmin/Metrics/MetricCard.tsx
app/cdap/components/NamespaceAdmin/Metrics/index.tsx
app/cdap/components/NamespaceAdmin/store/index.ts
app/cdap/components/NamespaceDetails/ComputeProfiles/index.js
app/cdap/components/NamespaceDetails/EntityCounts/index.js
app/cdap/components/NamespaceDropdown/index.tsx
app/cdap/components/Operations/JobsTable/index.tsx
app/cdap/components/Operations/TimePicker/index.tsx
app/cdap/components/Operations/parser.ts
app/cdap/components/OpsDashboard/RunsGraph/TypeSelector/index.js
app/cdap/components/PipelineConfigurations/ConfigurationsContent/EngineConfigTabContent/CustomConfig.js
app/cdap/components/PipelineConfigurations/ConfigurationsContent/PreviewTabContent/BatchPipelinePreviewConfig.tsx
app/cdap/components/PipelineConfigurations/ConfigurationsContent/ResourcesTabContent/ClientResources.js
app/cdap/components/PipelineConfigurations/ConfigurationsContent/ResourcesTabContent/DriverResources.js
app/cdap/components/PipelineConfigurations/ConfigurationsContent/ResourcesTabContent/ExecutorResources.js
app/cdap/components/PipelineDetails/PipelineDetailsTopPanel/PipelineDetailsButtons/PipelineScheduleButton.js
app/cdap/components/PipelineDetails/PipelineDetailsTopPanel/PipelineDetailsButtons/index.js
app/cdap/components/PipelineDetails/RunLevelInfo/CurrentRunIndex.tsx
app/cdap/components/PipelineHistory/PipelineHistoryStore.tsx
app/cdap/components/PipelineList/DeployedPipelineView/store/index.ts
app/cdap/components/PipelineList/DeployedPipelineView/types.ts
app/cdap/components/PipelineList/DraftPipelineView/DraftTable/index.tsx
app/cdap/components/PipelineList/DraftPipelineView/Pagination/index.tsx
app/cdap/components/PipelineList/DraftPipelineView/store/index.ts
app/cdap/components/PipelineNodeGraphs/NodeMetricsSingleDatapoint.js
app/cdap/components/PipelineNodeGraphs/PipelineNodeMetricsGraph.js
app/cdap/components/PipelineResources/index.js
app/cdap/components/PipelineScheduler/AdvancedView.js
app/cdap/components/PipelineScheduler/BasicView/Summary.js
app/cdap/components/PipelineScheduler/index.js
app/cdap/components/PipelineSummary/LogsMetricsGraph/index.js
app/cdap/components/PipelineSummary/NodesMetricsGraph/index.js
app/cdap/components/PipelineSummary/NodesRecordsGraph/index.js
app/cdap/components/PipelineSummary/RunsGraphHelpers.js
app/cdap/components/PipelineSummary/RunsHistoryGraph/index.js
app/cdap/components/PipelineSummary/Store/PipelineSummaryActions.js
app/cdap/components/PipelineSummary/index.js
app/cdap/components/PipelineTriggers/EnabledTriggersTab/index.tsx
app/cdap/components/PipelineTriggers/PipelineListCompositeTab/index.tsx
app/cdap/components/PipelineTriggers/store/PipelineTriggersActionCreator.ts
app/cdap/components/PipelineTriggers/store/ScheduleTypes.ts
app/cdap/components/PluginJSONCreator/Create/Content/ConfigurationGroupPage/GroupPanel/WidgetCollection/WidgetAttributesPanel/WidgetAttributeInput/MultipleAttributesInput/index.tsx
app/cdap/components/PluginJSONCreator/Create/Content/ConfigurationGroupPage/GroupPanel/WidgetCollection/WidgetAttributesPanel/WidgetAttributeInput/SingleAttributeInput/index.tsx
app/cdap/components/PluginJSONCreator/Create/Content/ConfigurationGroupPage/GroupPanel/WidgetCollection/WidgetAttributesPanel/WidgetAttributeInput/index.tsx
app/cdap/components/PluginJSONCreator/Create/Content/ConfigurationGroupPage/GroupPanel/WidgetCollection/WidgetPanel/index.tsx
app/cdap/components/PluginJSONCreator/Create/Content/FilterPage/FilterPanel/FilterShowlistInput/index.tsx
app/cdap/components/PluginJSONCreator/Create/Content/FilterPage/FilterPanel/index.tsx
app/cdap/components/PluginJSONCreator/Create/Content/FilterPage/index.tsx
app/cdap/components/PluginSchemaEditor/RefreshableSchemaEditor.tsx
app/cdap/components/PostRunActions/WizardNav/index.tsx
app/cdap/components/PreviewData/DataView/Table.tsx
app/cdap/components/PreviewData/RecordView/Navigator.tsx
app/cdap/components/PreviewData/RecordView/RecordContainer.tsx
app/cdap/components/PreviewData/RecordView/RecordTable.tsx
app/cdap/components/PreviewData/index.tsx
app/cdap/components/PreviewData/utilities.ts
app/cdap/components/Replicator/ConfigDisplay/index.tsx
app/cdap/components/Replicator/Create/Content/Advanced/index.tsx
app/cdap/components/Replicator/Create/Content/Assessment/TablesAssessment/index.tsx
app/cdap/components/Replicator/Create/Content/SelectColumnsWithTransforms/TransformAdd.tsx
app/cdap/components/Replicator/Create/Content/SelectColumnsWithTransforms/index.tsx
app/cdap/components/Replicator/Create/Content/SelectColumnsWithTransforms/table.tsx
app/cdap/components/Replicator/Create/Content/SelectColumnsWithTransforms/types.ts
app/cdap/components/Replicator/Create/Content/SelectTables/index.tsx
app/cdap/components/Replicator/Create/Content/index.tsx
app/cdap/components/Replicator/Create/LeftPanel/index.tsx
app/cdap/components/Replicator/Create/index.tsx
app/cdap/components/Replicator/Detail/ContentHeading/RunInfo/index.tsx
app/cdap/components/Replicator/Detail/Monitoring/Metrics/parser.tsx
app/cdap/components/Replicator/Detail/Monitoring/TableScatterPlotGraph/ScatterPlotTooltip.tsx
app/cdap/components/Replicator/Detail/Monitoring/TableScatterPlotGraph/parser.ts
app/cdap/components/Replicator/Detail/Monitoring/TableScatterPlotGraph/scatterPlot.ts
app/cdap/components/Replicator/Detail/Monitoring/ThroughputLatencyGraphs/LatencyGraph/LatencyTooltip.tsx
app/cdap/components/Replicator/Detail/Monitoring/ThroughputLatencyGraphs/LatencyGraph/latency.ts
app/cdap/components/Replicator/Detail/Monitoring/ThroughputLatencyGraphs/ThroughputGraph/ThroughputTooltip.tsx
app/cdap/components/Replicator/Detail/Monitoring/ThroughputLatencyGraphs/ThroughputGraph/throughput.ts
app/cdap/components/Replicator/Detail/Monitoring/ThroughputLatencyGraphs/parser.ts
app/cdap/components/Replicator/Detail/Overview/TablesList/metricsParser.ts
app/cdap/components/Replicator/Detail/index.tsx
app/cdap/components/Replicator/types.ts
app/cdap/components/Reports/Customizer/TimeRangeSelector/TimeRangePopover.js
app/cdap/components/Reports/Customizer/TimeRangeSelector/index.js
app/cdap/components/Reports/ReportsDetail/Expiry/index.js
app/cdap/components/Reports/ReportsDetail/RunsPagination/index.js
app/cdap/components/Reports/ReportsDetail/SaveButton/index.js
app/cdap/components/Reports/ReportsDetail/index.js
app/cdap/components/Reports/ReportsList/ReportsPagination.js
app/cdap/components/Reports/ReportsList/index.js
app/cdap/components/RulesEngineHome/RuleBookDetails/RulebookRule/index.js
app/cdap/components/RulesEngineHome/RulesEngineTabCounters/index.js
app/cdap/components/SecureKeys/SecureKeyList/SecureKeyActionButtons/index.tsx
app/cdap/components/SecureKeys/SecureKeyList/index.tsx
app/cdap/components/SecureKeys/index.tsx
app/cdap/components/SourceControlManagement/helpers.ts
app/cdap/components/SourceControlManagement/types.ts
app/cdap/components/SpotlightSearch/SpotlightModal/SpotlightModalHeader.js
app/cdap/components/SystemServicesDelay/index.tsx
app/cdap/components/VegaLiteChart/index.js
app/cdap/components/hydrator/components/SidePanel/SidePanel.tsx
app/cdap/components/hydrator/components/TopPanel/TopPanel.tsx
app/cdap/components/shared/Alert/index.js
app/cdap/components/shared/ChartContainer/index.tsx
app/cdap/components/shared/CodeEditor/JSONEditor.tsx
app/cdap/components/shared/CodeEditor/index.tsx
app/cdap/components/shared/ConfigurableTab/index.tsx
app/cdap/components/shared/Duration/index.js
app/cdap/components/shared/ErrorBoundary/index.tsx
app/cdap/components/shared/HorizontalCarousel/index.tsx
app/cdap/components/shared/KeyValuePairs/KeyValuePair.js
app/cdap/components/shared/KeyValuePairs/index.js
app/cdap/components/shared/Markdown/MarkdownImplExample.tsx
app/cdap/components/shared/OverlayFocus/index.tsx
app/cdap/components/shared/Overview/Tabs/SchemaTab/index.tsx
app/cdap/components/shared/Pagination/PaginationDropdown.js
app/cdap/components/shared/Pagination/index.js
app/cdap/components/shared/PaginationWithTitle/index.js
app/cdap/components/shared/PieChart/index.js
app/cdap/components/shared/PieChartWithLegend/index.js
app/cdap/components/shared/ScrollableList/index.js
app/cdap/components/shared/SelectWithOptions/index.js
app/cdap/components/shared/Tabs/TabGroup/index.js
app/cdap/components/shared/TimeRangePicker/ExpandableTimeRange.js
app/cdap/components/shared/TimeRangePicker/index.js
app/cdap/components/shared/Timer/index.js
app/cdap/components/shared/ViewAllLabel/index.js
app/cdap/components/shared/VirtualScroll/index.tsx
app/cdap/components/shared/VirtualScroll/useScroll.tsx
app/cdap/components/shared/Wizard/WizardStepContent/index.js
app/cdap/services/DataFormatter/__tests__/DataFormatter.test.ts
app/cdap/services/DataFormatter/index.ts
app/cdap/services/MetricsQueryHelper.js
app/cdap/services/cdapavscwrapper/DecimalLogicalType.ts
app/cdap/services/datasource/IDataSource.ts
app/cdap/services/global-constants.js
app/directives/datetime-picker/datetime.html
app/directives/my-pipeline-configurations/my-batch-pipeline-config/my-batch-pipeline-config-ctrl.js
app/directives/my-pipeline-configurations/my-batch-pipeline-config/my-batch-pipeline-config.html
app/directives/my-pipeline-configurations/my-realtime-pipeline-config/my-realtime-pipeline-config-ctrl.js
app/directives/my-pipeline-configurations/my-realtime-pipeline-config/my-realtime-pipeline-config.html
app/directives/my-pipeline-resource/my-pipeline-client-resource-ctrl.js
app/directives/my-pipeline-resource/my-pipeline-driver-resource-ctrl.js
app/directives/my-pipeline-resource/my-pipeline-executor-resource-ctrl.js
app/directives/my-pipeline-resource/my-pipeline-resource.html
app/directives/timestamp-picker/datetime.html
app/directives/widget-container/widget-number/widget-number.html
app/directives/widget-container/widget-number/widget-number.js
app/filters/bytes.js
app/filters/comma-separated-number.js
app/filters/number.js
app/hydrator/controllers/create/toppanel-ctrl.js
app/hydrator/controllers/detail-ctrl.js
app/services/query-helper.js
app/directives/macro-widget-toggle/macro-widget-toggle.html
app/cdap/components/AbstractWidget/CodeEditorWidgets.stories.tsx
app/cdap/components/PipelineExportModal/index.tsx
app/cdap/components/PluginJSONCreator/Create/Content/OutputPage/ImplicitSchemaDefiner/index.tsx
app/directives/widget-container/widget-json-editor/widget-json-editor.html
app/directives/widget-container/widget-json-editor/widget-json-editor.js
app/cdap/components/SampleTSXComponent/index.tsx
app/cdap/components/Connections/Create/ConnectionConfiguration/index.tsx
app/cdap/components/Replicator/Create/Content/Documentation/index.tsx
app/cdap/components/shared/Markdown/MarkdownTable.tsx
app/cdap/components/shared/Markdown/index.tsx
app/hydrator/templates/partial/node-config-modal/reference-tab.html
app/cdap/components/AbstractWidget/ToggleSwitchWidget/index.tsx
app/cdap/components/shared/ToggleSwitch/index.js
app/directives/my-pipeline-configurations/my-sql-pipeline-config/my-sql-pipeline-config.html
app/directives/widget-container/widget-toggle-switch/widget-toggle-switch.html
app/directives/widget-container/widget-toggle-switch/widget-toggle-switch.js
app/cdap/components/AuthRefresher/index.tsx
app/cdap/components/shared/IconSVG/index.js
app/cdap/components/PipelineDetails/RunLevelInfo/index.js
app/hydrator/templates/detail/canvas.html
app/directives/my-pipeline-scheduler/my-pipeline-scheduler.html
app/directives/my-pipeline-scheduler/my-pipeline-scheduler.js
app/cdap/components/PipelineDetails/PipelineDetailsTopPanel/index.tsx
app/hydrator/templates/detail/top-panel.html
app/hydrator/templates/detail.html
app/cdap/components/FieldLevelLineage/OperationsModal/index.js
app/cdap/components/FieldLevelLineage/v2/LineageSummary/index.tsx
app/cdap/components/FieldLevelLineage/v2/OperationsModal/index.tsx
app/cdap/components/shared/LoadingIndicator/index.js
app/cdap/components/DataPrepConnections/DatabaseConnection/DatabaseDetail.js
app/cdap/components/shared/LoadingSVG/index.js
app/hydrator/templates/partial/node-config-modal/metrics-tab.html
app/cdap/components/RulesEngineHome/index.js
app/directives/widget-container/widget-rulesengine-editor/rules-engine-modal.html
app/cdap/components/PipelineDetails/PipelineDetailsTopPanel/PipelineDetailsButtons/PipelineSummaryButton.js
app/directives/my-pipeline-summary/my-pipeline-summary.html
app/directives/my-pipeline-summary/my-pipeline-summary.js
app/tracker/templates/container.html
app/cdap/api/dataprep.js
app/cdap/components/Administration/AdminManagementTabContent/ServicesTable/index.js
app/cdap/components/Connections/Browser/GenericBrowser/apiHelpers.ts
app/cdap/components/Connections/ConnectionsContext/index.tsx
app/cdap/components/Connections/Upload/index.tsx
app/cdap/components/DataPrep/AutoComplete/index.js
app/cdap/components/DataPrep/ColumnHighlighter/index.js
app/cdap/components/DataPrep/ColumnTextSelection/index.js
app/cdap/components/DataPrep/DataPrepBrowser/ADLSBrowser/index.js
app/cdap/components/DataPrep/DataPrepBrowser/BigQueryBrowser/TableList/index.js
app/cdap/components/DataPrep/DataPrepBrowser/DataPrepBrowserStore/Actions/adls.js
app/cdap/components/DataPrep/DataPrepBrowser/DataPrepBrowserStore/Actions/bigquery.js
app/cdap/components/DataPrep/DataPrepBrowser/DataPrepBrowserStore/Actions/database.js
app/cdap/components/DataPrep/DataPrepBrowser/DataPrepBrowserStore/Actions/file.js
app/cdap/components/DataPrep/DataPrepBrowser/DataPrepBrowserStore/Actions/gcs.js
app/cdap/components/DataPrep/DataPrepBrowser/DataPrepBrowserStore/Actions/kafka.js
app/cdap/components/DataPrep/DataPrepBrowser/DataPrepBrowserStore/Actions/s3.js
app/cdap/components/DataPrep/DataPrepBrowser/DataPrepBrowserStore/Actions/spanner.js
app/cdap/components/DataPrep/DataPrepBrowser/DataPrepBrowserTopPanel/index.tsx
app/cdap/components/DataPrep/DataPrepBrowser/DatabaseBrowser/index.js
app/cdap/components/DataPrep/DataPrepBrowser/GCSBrowser/index.js
app/cdap/components/DataPrep/DataPrepBrowser/KafkaBrowser/index.js
app/cdap/components/DataPrep/DataPrepBrowser/S3Browser/index.js
app/cdap/components/DataPrep/DataPrepBrowser/SpannerBrowser/TableList/index.tsx
app/cdap/components/DataPrep/DataPrepCLI/index.js
app/cdap/components/DataPrep/DataPrepContentWrapper/index.js
app/cdap/components/DataPrep/DataPrepLoading/index.js
app/cdap/components/DataPrep/DataPrepServiceControl/index.js
app/cdap/components/DataPrep/DataPrepSidePanel/ColumnsTab/index.js
app/cdap/components/DataPrep/DataPrepSidePanel/DirectivesTab/index.js
app/cdap/components/DataPrep/DataPrepSidePanel/index.js
app/cdap/components/DataPrep/DataPrepTable/DataType/index.js
app/cdap/components/DataPrep/DataPrepTable/index.js
app/cdap/components/DataPrep/DataPrepVisualization/index.js
app/cdap/components/DataPrep/Directives/ChangeDataType/index.js
app/cdap/components/DataPrep/Directives/ColumnActions/Bulkset/index.js
app/cdap/components/DataPrep/Directives/DefineVariable/index.js
app/cdap/components/DataPrep/Directives/Explode/index.js
app/cdap/components/DataPrep/Directives/ExtractFields/UsingDelimiterModal/index.js
app/cdap/components/DataPrep/Directives/ExtractFields/UsingPositions/CutDirective.js
app/cdap/components/DataPrep/Directives/ExtractFields/UsingPositions/CutMenuItem.js
app/cdap/components/DataPrep/Directives/ExtractFields/index.js
app/cdap/components/DataPrep/Directives/Format/index.js
app/cdap/components/DataPrep/Directives/Hash/index.tsx
app/cdap/components/DataPrep/Directives/MapToTarget/index.tsx
app/cdap/components/DataPrep/Directives/Parse/Modals/CSVModal.js
app/cdap/components/DataPrep/Directives/Parse/Modals/DateFormatModal.js
app/cdap/components/DataPrep/Directives/Parse/Modals/LogModal.js
app/cdap/components/DataPrep/Directives/Parse/Modals/SingleFieldModal.js
app/cdap/components/DataPrep/Directives/SetCharacterEncoding/index.js
app/cdap/components/DataPrep/ErrorMessageContainer/index.js
app/cdap/components/DataPrep/TopPanel/AddToPipelineModal.js
app/cdap/components/DataPrep/TopPanel/IngestDataFromDataPrep/index.js
app/cdap/components/DataPrep/TopPanel/PipelineConfigHelper.js
app/cdap/components/DataPrep/TopPanel/SchemaModal.js
app/cdap/components/DataPrep/TopPanel/UpgradeModal.js
app/cdap/components/DataPrep/TopPanel/index.js
app/cdap/components/DataPrep/WorkspaceTabs/index.js
app/cdap/components/DataPrep/index.js
app/cdap/components/DataPrep/store/DataPrepActionCreator.js
app/cdap/components/DataPrepConnections/ADLSConnection/index.tsx
app/cdap/components/DataPrepConnections/BigQueryConnection/index.js
app/cdap/components/DataPrepConnections/ConnectionPopover/index.js
app/cdap/components/DataPrepConnections/DatabaseConnection/DatabaseOptions.js
app/cdap/components/DataPrepConnections/DatabaseConnection/index.js
app/cdap/components/DataPrepConnections/GCSConnection/index.js
app/cdap/components/DataPrepConnections/KafkaConnection/index.js
app/cdap/components/DataPrepConnections/S3Connection/index.js
app/cdap/components/DataPrepConnections/SpannerConnection/index.tsx
app/cdap/components/DataPrepConnections/UploadFile/index.js
app/cdap/components/DataPrepConnections/index.js
app/cdap/components/DataPrepHome/index.js
app/cdap/components/FileBrowser/index.js
app/cdap/components/UncontrolledComponents/Popover.js
app/cdap/components/shared/AppHeader/AppDrawer/AppDrawer.tsx
app/hydrator/routes.js
app/hydrator/templates/create/Wrangler/wrangler-modal.html
app/directives/my-pipeline-runtime-args/my-pipeline-runtime-args.html
app/cdap/components/PipelineConfigurations/Store/index.js
app/cdap/components/Reports/ReportsDetail/Runs/index.js
app/cdap/components/shared/KeyValuePairs/KeyValueStoreActions.js
app/directives/my-pipeline-configurations/my-sql-pipeline-config/my-sql-pipeline-config-ctrl.js
app/cdap/components/PipelineDetails/PipelineRuntimeArgsDropdownBtn/RuntimeArgsKeyValuePairWrapper/index.tsx
app/directives/my-global-navbar/my-global-navbar.html",""
app/directives/splitter-popover/splitter-popover.html,false,"","",""
app/directives/splitter-popover/splitter-popover.js,false,"my-splitter-popover","app/directives/dag-plus/my-dag.html",""
app/directives/splitter-popover/splitter-popover.less,false,"","",""
app/directives/timestamp-picker/datetime.html,true,"","",""
app/directives/timestamp-picker/timestamp.js,true,"my-timestamp-picker","","my-timestamp-picker"
app/directives/timestamp-picker/timestamp.less,true,"","",""
app/directives/validators/validator-ctrl.js,false,"","",""
app/directives/validators/validator-factory.js,false,"","",""
app/directives/validators/validators.html,false,"","",""
app/directives/validators/validators.js,false,"my-validators","app/hydrator/templates/partial/node-config-modal/node-config/plugin-edit-validator-transform.html",""
app/directives/validators/validators.less,false,"","",""
app/directives/widget-container/widget-complex-schema-editor/widget-complex-schema-editor.html,false,"","",""
app/directives/widget-container/widget-complex-schema-editor/widget-complex-schema-editor.js,false,"my-complex-schema-editor","app/directives/widget-container/widget-output-schema/widget-output-schema.html",""
app/directives/widget-container/widget-complex-schema-editor/widget-complex-schema-editor.less,false,"","",""
app/directives/widget-container/widget-container.js,false,"widget-container","app/cdap/components/PluginJSONCreator/Create/Content/ConfigurationGroupPage/GroupPanel/WidgetCollection/index.tsx
app/cdap/components/shared/ConfigurationGroup/WidgetWrapper/index.tsx
app/directives/macro-widget-toggle/macro-widget-toggle.html
app/directives/plugin-functions/functions/output-schema/output-schema-modal.html
app/directives/widget-container/widget-complex-schema-editor/widget-complex-schema-editor.js
app/directives/widget-container/widget-ds-multiplevalues/widget-ds-multiplevalues.js
app/directives/widget-container/widget-dsv/widget-dsv.js
app/directives/widget-container/widget-function-dropdown-with-alias/widget-function-dropdown-with-alias.js
app/directives/widget-container/widget-input-field-selector/widget-input-field-selector.js
app/directives/widget-container/widget-input-schema/widget-input-schema.js
app/directives/widget-container/widget-join-types/widget-join-types.js
app/directives/widget-container/widget-json-editor/widget-json-editor.js
app/directives/widget-container/widget-keyvalue/widget-keyvalue.js
app/directives/widget-container/widget-keyvalue-encoded/widget-keyvalue-encoded.js
app/directives/widget-container/widget-number/widget-number.js
app/directives/widget-container/widget-output-schema/widget-output-schema.js
app/directives/widget-container/widget-password/widget-password.js
app/directives/widget-container/widget-radio-group/widget-radio-group.js
app/directives/widget-container/widget-rulesengine-editor/widget-rulesengine-editor.js
app/directives/widget-container/widget-schedule/widget-schedule.js
app/directives/widget-container/widget-schema-editor/widget-schema-editor.js
app/directives/widget-container/widget-sql-conditions/widget-sql-conditions.js
app/directives/widget-container/widget-sql-select-fields/widget-sql-select-fields.js
app/directives/widget-container/widget-textarea-validate/widget-textarea-validate.js
app/directives/widget-container/widget-toggle-switch/widget-toggle-switch.js
app/directives/widget-container/widget-wrangler-directives/widget-wrangler-directives.js",""
app/directives/widget-container/widget-container.less,false,"","",""
app/directives/widget-container/widget-ds-multiplevalues/widget-ds-multiplevalues.html,true,"","",""
app/directives/widget-container/widget-ds-multiplevalues/widget-ds-multiplevalues.js,true,"my-ds-multiple-values","","my-ds-multiple-values"
app/directives/widget-container/widget-ds-multiplevalues/widget-ds-multiplevalues.less,true,"","",""
app/directives/widget-container/widget-dsv/widget-dsv.html,true,"","",""
app/directives/widget-container/widget-dsv/widget-dsv.js,true,"my-dsv","","my-dsv"
app/directives/widget-container/widget-dsv/widget-dsv.less,true,"","",""
app/directives/widget-container/widget-factory.js,false,"","",""
app/directives/widget-container/widget-function-dropdown-with-alias/widget-function-dropdown-with-alias.html,true,"","",""
app/directives/widget-container/widget-function-dropdown-with-alias/widget-function-dropdown-with-alias.js,true,"my-function-dropdown-with-alias","","my-function-dropdown-with-alias"
app/directives/widget-container/widget-function-dropdown-with-alias/widget-function-dropdown-with-alias.less,true,"","",""
app/directives/widget-container/widget-input-field-selector/widget-input-field-selector.html,true,"","",""
app/directives/widget-container/widget-input-field-selector/widget-input-field-selector.js,true,"my-input-field-selector","","my-input-field-selector"
app/directives/widget-container/widget-input-schema/widget-input-schema-ctrl.js,false,"","",""
app/directives/widget-container/widget-input-schema/widget-input-schema.html,false,"","",""
app/directives/widget-container/widget-input-schema/widget-input-schema.js,false,"my-input-schema","app/hydrator/templates/partial/node-config-modal/node-config/plugin-edit-input-schema.html",""
app/directives/widget-container/widget-input-schema/widget-input-schema.less,false,"","",""
app/directives/widget-container/widget-join-types/widget-join-types.html,true,"","",""
app/directives/widget-container/widget-join-types/widget-join-types.js,true,"my-join-types","","my-join-types"
app/directives/widget-container/widget-join-types/widget-join-types.less,true,"","",""
app/directives/widget-container/widget-js-editor/widget-js-editor.js,false,"my-ace-editor","app/directives/plugin-functions/functions/get-schema/get-schema-modal.html
app/directives/validators/validators.html
app/directives/widget-container/widget-rulesengine-editor/widget-rulesengine-editor.html
app/directives/widget-container/widget-wrangler-directives/widget-wrangler-directives.html",""
app/directives/widget-container/widget-js-editor/widget-js-editor.less,false,"","",""
app/directives/widget-container/widget-json-editor/widget-json-editor.html,false,"","",""
app/directives/widget-container/widget-json-editor/widget-json-editor.js,false,"my-json-textbox","app/directives/plugin-functions/functions/get-property-value/get-property-value-modal.html
app/hydrator/templates/create/popovers/viewconfig.html
app/services/pipeline-export-modal/pipeline-export-modal-template.html",""
app/directives/widget-container/widget-json-editor/widget-json-editor.less,false,"","",""
app/directives/widget-container/widget-keyvalue-encoded/widget-keyvalue-encoded.html,true,"","",""
app/directives/widget-container/widget-keyvalue-encoded/widget-keyvalue-encoded.js,true,"my-key-value-encoded","","my-key-value-encoded"
app/directives/widget-container/widget-keyvalue-encoded/widget-keyvalue-encoded.less,true,"","",""
app/directives/widget-container/widget-keyvalue/widget-keyvalue.html,false,"","",""
app/directives/widget-container/widget-keyvalue/widget-keyvalue.js,false,"my-key-value","app/directives/widget-container/widget-keyvalue-encoded/widget-keyvalue-encoded.js",""
app/directives/widget-container/widget-keyvalue/widget-keyvalue.less,false,"","",""
app/directives/widget-container/widget-number/widget-number.html,false,"","",""
app/directives/widget-container/widget-number/widget-number.js,false,"my-number-widget","app/directives/my-pipeline-configurations/my-batch-pipeline-config/my-batch-pipeline-config.html
app/directives/my-pipeline-configurations/my-realtime-pipeline-config/my-realtime-pipeline-config.html
app/directives/my-pipeline-resource/my-pipeline-resource.html",""
app/directives/widget-container/widget-number/widget-number.less,false,"","",""
app/directives/widget-container/widget-output-schema/widget-output-schema-ctrl.js,false,"","",""
app/directives/widget-container/widget-output-schema/widget-output-schema.html,false,"","",""
app/directives/widget-container/widget-output-schema/widget-output-schema.js,false,"my-output-schema","app/directives/plugin-templates/plugin-templates.html
app/hydrator/templates/partial/node-config-modal/node-config/plugin-edit-output-schema.html",""
app/directives/widget-container/widget-password/widget-password.html,false,"","",""
app/directives/widget-container/widget-password/widget-password.js,false,"my-password","app/directives/widget-container/widget-factory.js",""
app/directives/widget-container/widget-password/widget-password.less,false,"","",""
app/directives/widget-container/widget-radio-group/widget-radio-group.html,true,"","",""
app/directives/widget-container/widget-radio-group/widget-radio-group.js,true,"my-radio-group","","my-radio-group"
app/directives/widget-container/widget-radio-group/widget-radio-group.less,true,"","",""
app/directives/widget-container/widget-rulesengine-editor/rules-engine-modal-ctrl.js,false,"","",""
app/directives/widget-container/widget-rulesengine-editor/rules-engine-modal.html,false,"","",""
app/directives/widget-container/widget-rulesengine-editor/rules-engine-modal.less,false,"","",""
app/directives/widget-container/widget-rulesengine-editor/widget-rulesengine-editor.html,false,"","",""
app/directives/widget-container/widget-rulesengine-editor/widget-rulesengine-editor.js,false,"my-rules-engine-editor","app/directives/widget-container/widget-factory.js",""
app/directives/widget-container/widget-schedule/widget-schedule.html,false,"","",""
app/directives/widget-container/widget-schedule/widget-schedule.js,false,"my-schedule","app/directives/widget-container/widget-factory.js",""
app/directives/widget-container/widget-schema-editor/widget-schema-editor.html,false,"","",""
app/directives/widget-container/widget-schema-editor/widget-schema-editor.js,false,"my-schema-editor","app/directives/widget-container/widget-factory.js",""
app/directives/widget-container/widget-schema-editor/widget-schema-editor.less,false,"","",""
app/directives/widget-container/widget-sql-conditions/widget-sql-conditions.html,true,"","",""
app/directives/widget-container/widget-sql-conditions/widget-sql-conditions.js,true,"my-sql-conditions","","my-sql-conditions"
app/directives/widget-container/widget-sql-conditions/widget-sql-conditions.less,true,"","",""
app/directives/widget-container/widget-sql-select-fields/widget-sql-select-fields.html,true,"","",""
app/directives/widget-container/widget-sql-select-fields/widget-sql-select-fields.js,true,"my-sql-selector","","my-sql-selector"
app/directives/widget-container/widget-sql-select-fields/widget-sql-select-fields.less,true,"","",""
app/directives/widget-container/widget-textarea-validate/widget-textarea-validate.html,false,"","",""
app/directives/widget-container/widget-textarea-validate/widget-textarea-validate.js,false,"my-textarea-validate","app/directives/widget-container/widget-factory.js",""
app/directives/widget-container/widget-textarea-validate/widget-textarea-validate.less,false,"","",""
app/directives/widget-container/widget-toggle-switch/widget-toggle-switch.html,true,"","",""
app/directives/widget-container/widget-toggle-switch/widget-toggle-switch.js,true,"my-toggle-switch","","my-toggle-switch"
app/directives/widget-container/widget-toggle-switch/widget-toggle-switch.less,true,"","",""
app/directives/widget-container/widget-wrangler-directives/widget-wrangler-directive.less,true,"","",""
app/directives/widget-container/widget-wrangler-directives/widget-wrangler-directives.html,true,"","",""
app/directives/widget-container/widget-wrangler-directives/widget-wrangler-directives.js,true,"my-wrangler-directives","","my-wrangler-directives"
app/directives/widget-container/widget-wrangler-directives/wrangler-modal-ctrl.js,true,"","",""
app/directives/widget-container/widget-wrangler-directives/wrangler-modal.less,true,"","",""